20:43:30.402221,Pavel,410440833,/hi
20:43:34.935454,Pavel,410440833,/hello
20:43:37.649530,Pavel,410440833,/sum 2 3
02:52:32.224910,Pavel,410440833,/hello
19:53:23.905301,Pavel,410440833,/help
05:01:19.356334,Pavel,410440833,/hi
05:03:47.495537,Pavel,410440833,/hi
05:04:14.060122,Pavel,410440833,/hi
05:12:40.312645,Pavel,410440833,/hi
05:12:51.542501,Pavel,410440833,/hello
05:12:56.094692,Pavel,410440833,/sum
05:13:08.446068,Pavel,410440833,/sum 5 8
05:13:12.147129,Pavel,410440833,/hi
05:13:14.443700,Pavel,410440833,/help
